id,category,label,severity,severity_label,summary,quote,time_local,lat,lon,needs_review,positive,osm_link
1,broken_footpath,Broken footpath,3,severe,Someone could trip on this broken footpath at night.,"Footpath is broken here, big crack and one slab is missing. Someone could easily trip on this at night.",2026-10-10 07:30:20,13.0,80.265231,False,False,https://www.openstreetmap.org/?mlat=13.000000&mlon=80.265231#map=19/13.000000/80.265231
2,blocked_drain,Blocked or open drain,2,moderate,Blocked drain with lots of plastic inside.,"Drain is blocked, lots of plastic in it.",2026-10-10 07:30:55,13.0,80.2656338,False,False,https://www.openstreetmap.org/?mlat=13.000000&mlon=80.265634#map=19/13.000000/80.265634
3,shade_tree,Shade tree,1,minor,Large rain tree providing nice shade.,"Huge rain tree here, nice shade.",2026-10-10 07:31:50,13.0,80.2662692,False,True,https://www.openstreetmap.org/?mlat=13.000000&mlon=80.266269#map=19/13.000000/80.266269
4,obstruction,Footpath obstruction,2,moderate,"Cars parked fully on the footpath, forcing pedestrians onto the road.","Cars parked fully on the footpath, I have to walk on the road.",2026-10-10 07:32:20,13.0,80.2666136,False,False,https://www.openstreetmap.org/?mlat=13.000000&mlon=80.266614#map=19/13.000000/80.266614
5,streetlight_out,Streetlight not working,2,moderate,Streetlight on pole number 42 is not working.,Street light not working. This is pole number 42.,2026-10-10 07:33:30,13.0,80.2674208,False,False,https://www.openstreetmap.org/?mlat=13.000000&mlon=80.267421#map=19/13.000000/80.267421
6,garbage,Garbage,1,minor,"Garbage dump near the corner, causing a bad smell.","Garbage dump near the corner, smells bad.",2026-10-10 07:34:10,13.0001127,80.2677658,False,False,https://www.openstreetmap.org/?mlat=13.000113&mlon=80.267766#map=19/13.000113/80.267766
7,waterlogging,Waterlogging,2,moderate,Standing water remains after rain two days ago.,Water logging here even though it rained two days ago.,2026-10-10 07:35:00,13.0006744,80.2677658,False,False,https://www.openstreetmap.org/?mlat=13.000674&mlon=80.267766#map=19/13.000674/80.267766
8,good_footpath,Good footpath,1,minor,"Wide, good footpath observed here.","Footpath here is nice and wide, really good.",2026-10-10 07:35:40,13.0011238,80.2677658,False,True,https://www.openstreetmap.org/?mlat=13.001124&mlon=80.267766#map=19/13.001124/80.267766
9,unsafe_crossing,Unsafe crossing,3,severe,No zebra crossing at the junction with fast approaching vehicles.,No zebra crossing at this junction and vehicles come very fast.,2026-10-10 07:36:40,13.0017974,80.2677658,False,False,https://www.openstreetmap.org/?mlat=13.001797&mlon=80.267766#map=19/13.001797/80.267766
10,blocked_drain,Blocked or open drain,3,severe,Open drain next to the school gate with no cover observed.,"Open drain right next to the school gate, no cover.",2026-10-10 07:38:20,13.0026949,80.2677658,True,False,https://www.openstreetmap.org/?mlat=13.002695&mlon=80.267766#map=19/13.002695/80.267766
